Country,Region,Happiness Rank,Dystopia Residual,Economy (GDP per Capita),Family,Freedom,Generosity,Happiness Score,Health (Life Expectancy),Trust (Government Corruption),Year
Switzerland,Western Europe,1.0,2.51738,1.39651,1.34951,0.66557,0.29678,7.587000000000001,0.94143,0.41978,2015
Iceland,Western Europe,2.0,2.70201,1.30232,1.40223,0.6287699999999999,0.4363,7.561,0.94784,0.14145,2015
Denmark,Western Europe,3.0,2.4920400000000003,1.32548,1.36058,0.6493800000000001,0.34139,7.527,0.87464,0.48357,2015
Norway,Western Europe,4.0,2.46531,1.459,1.33095,0.66973,0.34699,7.522,0.88521,0.36503,2015
Canada,North America,5.0,2.45176,1.32629,1.32261,0.63297,0.45811,7.427,0.90563,0.32957,2015
Finland,Western Europe,6.0,2.61955,1.29025,1.31826,0.64169,0.23351,7.406000000000001,0.8891100000000001,0.41372,2015
Netherlands,Western Europe,7.0,2.4657,1.32944,1.28017,0.6157600000000001,0.4761,7.377999999999999,0.89284,0.31814,2015
Sweden,Western Europe,8.0,2.3711900000000004,1.33171,1.2890700000000002,0.6598,0.36262,7.364,0.91087,0.4384399999999999,2015
New Zealand,Australia and New Zealand,9.0,2.26425,1.2501799999999998,1.31967,0.6393800000000001,0.47501,7.286,0.90837,0.42922,2015
Australia,Australia and New Zealand,10.0,2.26646,1.33358,1.30923,0.6512399999999999,0.43562,7.284,0.93156,0.3563699999999999,2015
Israel,Middle East and Northern Africa,11.0,3.08854,1.2285700000000002,1.22393,0.4131899999999999,0.3317199999999999,7.278,0.91387,0.07785,2015
Costa Rica,Latin America and Caribbean,12.0,3.17728,0.95578,1.23788,0.63376,0.25497,7.226,0.8602700000000001,0.10583,2015
Austria,Western Europe,13.0,2.5332,1.33723,1.29704,0.62433,0.33088,7.2,0.8904200000000001,0.1867599999999999,2015
Mexico,Latin America and Caribbean,14.0,3.6021400000000003,1.02054,0.91451,0.48181,0.14074,7.187,0.8144399999999999,0.2131199999999999,2015
United States,North America,15.0,2.51011,1.39451,1.24711,0.54604,0.40105,7.119,0.86179,0.1589,2015
Brazil,Latin America and Caribbean,16.0,3.26001,0.98124,1.23287,0.49049,0.14574,6.983,0.69702,0.17521,2015
Luxembourg,Western Europe,17.0,1.96961,1.56391,1.21963,0.61583,0.28034,6.946000000000001,0.91894,0.37798,2015
Ireland,Western Europe,18.0,1.9757,1.33596,1.36948,0.6177699999999999,0.45901,6.94,0.89533,0.28703,2015
Belgium,Western Europe,19.0,2.4148400000000003,1.30782,1.28566,0.5845,0.2225,6.937,0.8966700000000001,0.2254,2015
United Arab Emirates,Middle East and Northern Africa,20.0,2.24743,1.42727,1.12575,0.64157,0.26428,6.901,0.80925,0.38583,2015
United Kingdom,Western Europe,21.0,1.96994,1.26637,1.28548,0.59625,0.51912,6.867000000000001,0.90943,0.3206699999999999,2015
Oman,Middle East and Northern Africa,22.0,2.4748900000000003,1.36011,1.08182,0.63274,0.2154199999999999,6.853,0.76276,0.32524,2015
Venezuela,Latin America and Caribbean,23.0,3.19131,1.04424,1.25596,0.42908,0.05841,6.81,0.7205199999999999,0.11069,2015
Singapore,Southeastern Asia,24.0,1.88501,1.52186,1.02,0.54252,0.31105,6.797999999999999,1.02525,0.4921,2015
Panama,Latin America and Caribbean,25.0,2.84848,1.06353,1.1985,0.5421,0.24434,6.7860000000000005,0.79661,0.0927,2015
Germany,Western Europe,26.0,2.1156900000000003,1.32792,1.29937,0.6147699999999999,0.28214,6.75,0.89186,0.21843,2015
Chile,Latin America and Caribbean,27.0,2.67585,1.10715,1.12447,0.44132,0.33363,6.67,0.85857,0.12869,2015
Qatar,Middle East and Northern Africa,28.0,1.55674,1.69042,1.0786,0.6404,0.32573,6.611000000000001,0.79733,0.52208,2015
France,Western Europe,29.0,2.21126,1.27778,1.2603799999999998,0.55011,0.12332,6.575,0.94579,0.20646,2015
Argentina,Latin America and Caribbean,30.0,2.8360000000000003,1.05351,1.24823,0.44974,0.1145099999999999,6.574,0.78723,0.08484,2015
Czech Republic,Central and Eastern Europe,31.0,2.67782,1.17898,1.20643,0.4636399999999999,0.10686,6.505,0.84483,0.02652,2015
Uruguay,Latin America and Caribbean,32.0,2.3214200000000003,1.06166,1.2089,0.6036199999999999,0.2324,6.485,0.8116,0.24558,2015
Colombia,Latin America and Caribbean,33.0,2.85737,0.91861,1.2401799999999998,0.53466,0.1840099999999999,6.477,0.69077,0.0512,2015
Thailand,Southeastern Asia,34.0,2.31945,0.9669,1.26504,0.5566399999999999,0.5763,6.455,0.7385,0.0318699999999999,2015
Saudi Arabia,Middle East and Northern Africa,35.0,2.43872,1.39541,1.0839299999999998,0.31048,0.13706,6.4110000000000005,0.72025,0.32524,2015
Spain,Western Europe,36.0,2.12367,1.23011,1.31379,0.45951,0.18227,6.329,0.95562,0.06398,2015
Malta,Western Europe,37.0,1.6488,1.2074,1.30203,0.60365,0.51752,6.3020000000000005,0.88721,0.1358599999999999,2015
Taiwan,Eastern Asia,38.0,2.32323,1.29098,1.07617,0.3974,0.25376,6.297999999999999,0.8753,0.08129,2015
Kuwait,Middle East and Northern Africa,39.0,1.87634,1.5542200000000002,1.16594,0.55499,0.16228,6.295,0.72492,0.25609,2015
Suriname,Latin America and Caribbean,40.0,2.79094,0.99534,0.972,0.5965699999999999,0.1699099999999999,6.269,0.6082,0.13633,2015
Trinidad and Tobago,Latin America and Caribbean,41.0,2.2688200000000003,1.21183,1.18354,0.55884,0.31844,6.167999999999999,0.61483,0.0114,2015
El Salvador,Latin America and Caribbean,42.0,3.035,0.76454,1.02507,0.4035,0.10692,6.13,0.67737,0.1177599999999999,2015
Guatemala,Latin America and Caribbean,43.0,2.74255,0.74553,1.04356,0.57733,0.27489,6.122999999999999,0.64425,0.09472,2015
Uzbekistan,Central and Eastern Europe,44.0,2.23741,0.63244,1.34043,0.6582100000000001,0.22837,6.002999999999999,0.59772,0.30826,2015
Slovakia,Central and Eastern Europe,45.0,2.2463900000000003,1.16891,1.26999,0.31751,0.16893,5.995,0.7890199999999999,0.03431,2015
Japan,Eastern Asia,46.0,1.68435,1.27074,1.25712,0.49615,0.10705,5.987,0.99111,0.1806,2015
South Korea,Eastern Asia,47.0,2.21978,1.24461,0.95774,0.33208,0.18557,5.984,0.96538,0.07857,2015
Ecuador,Latin America and Caribbean,48.0,2.53942,0.8640200000000001,0.99903,0.4857399999999999,0.1154099999999999,5.975,0.79075,0.1809,2015
Bahrain,Middle East and Northern Africa,49.0,1.73797,1.32376,1.21624,0.45492,0.17362,5.96,0.74716,0.306,2015
Italy,Western Europe,50.0,2.02518,1.25114,1.19777,0.26236,0.22823,5.948,0.95446,0.02901,2015
Bolivia,Latin America and Caribbean,51.0,2.82334,0.68133,0.97841,0.57414,0.20536,5.89,0.5392,0.088,2015
Moldova,Central and Eastern Europe,52.0,3.10712,0.59448,1.01528,0.32818,0.20951,5.888999999999999,0.61826,0.01615,2015
Paraguay,Latin America and Caribbean,53.0,2.18896,0.75985,1.30477,0.53899,0.3424,5.877999999999999,0.66098,0.08242,2015
Kazakhstan,Central and Eastern Europe,54.0,2.24729,1.12254,1.12241,0.51649,0.11827,5.855,0.64368,0.08454,2015
Slovenia,Central and Eastern Europe,55.0,1.61583,1.18498,1.27385,0.60855,0.25328,5.848,0.8733700000000001,0.03787,2015
Lithuania,Central and Eastern Europe,56.0,2.4464900000000003,1.14723,1.25745,0.2134199999999999,0.02641,5.832999999999999,0.73128,0.01031,2015
Nicaragua,Latin America and Caribbean,57.0,2.32407,0.59325,1.14184,0.55475,0.27815,5.827999999999999,0.7431399999999999,0.19317,2015
Peru,Latin America and Caribbean,58.0,2.5945,0.9001899999999999,0.97459,0.41496,0.14982,5.824,0.73017,0.05989,2015
Belarus,Central and Eastern Europe,59.0,2.1309,1.0319200000000002,1.23289,0.37938,0.1104599999999999,5.813,0.7360800000000001,0.1909,2015
Poland,Central and Eastern Europe,60.0,1.86565,1.12555,1.27948,0.53122,0.16759,5.791,0.77903,0.04212,2015
Malaysia,Southeastern Asia,61.0,1.88541,1.12486,1.07023,0.5302399999999999,0.33075,5.77,0.7239399999999999,0.1050099999999999,2015
Croatia,Central and Eastern Europe,62.0,2.75414,1.08254,0.79624,0.25883,0.0544399999999999,5.759,0.78805,0.0243,2015
Libya,Middle East and Northern Africa,63.0,2.09066,1.13145,1.1186200000000002,0.41668,0.18295,5.754,0.7038,0.11023,2015
Russia,Central and Eastern Europe,64.0,2.27394,1.13764,1.23617,0.36679,0.00199,5.716,0.6692600000000001,0.03005,2015
Jamaica,Latin America and Caribbean,65.0,2.32038,0.81038,1.1510200000000002,0.50442,0.2123,5.709,0.6874100000000001,0.02299,2015
North Cyprus,Western Europe,66.0,1.59888,1.20806,1.07008,0.49027,0.26169,5.695,0.92356,0.1428,2015
Cyprus,Western Europe,67.0,1.88931,1.20813,0.89318,0.4067199999999999,0.30638,5.689,0.92356,0.06146,2015
Algeria,Middle East and Northern Africa,68.0,2.43209,0.93929,1.07772,0.28579,0.07822,5.605,0.61766,0.1738299999999999,2015
Kosovo,Central and Eastern Europe,69.0,2.76579,0.80148,0.81198,0.24749,0.2831,5.589,0.63132,0.04741,2015
Turkmenistan,Central and Eastern Europe,70.0,1.86984,0.95847,1.22668,0.4761,0.16979,5.547999999999999,0.53886,0.30844,2015
Mauritius,Sub-Saharan Africa,71.0,1.76145,1.00761,0.98521,0.56066,0.37744,5.477,0.7095,0.07521,2015
Hong Kong,Eastern Asia,72.0,0.6542899999999999,1.38604,1.05818,0.59608,0.39478,5.474,1.01328,0.37124,2015
Estonia,Central and Eastern Europe,73.0,1.58782,1.15174,1.22791,0.44888,0.0868,5.428999999999999,0.77361,0.15184,2015
Indonesia,Southeastern Asia,74.0,1.86399,0.8282700000000001,1.0870799999999998,0.46611,0.51535,5.399,0.63793,0.14272420731707314,2015
Vietnam,Southeastern Asia,75.0,2.20173,0.63216,0.91226,0.59444,0.1686,5.36,0.7467600000000001,0.1044099999999999,2015
Turkey,Middle East and Northern Africa,76.0,2.08528,1.06098,0.94632,0.22815,0.12253,5.332000000000001,0.73172,0.15746,2015
Kyrgyzstan,Central and Eastern Europe,77.0,2.2327,0.47428,1.15115,0.43477,0.3003,5.2860000000000005,0.65088,0.0423199999999999,2015
Nigeria,Sub-Saharan Africa,78.0,2.89319,0.65435,0.90432,0.34334,0.27233,5.268,0.16007,0.0403,2015
Bhutan,Southern Asia,79.0,1.63794,0.77042,1.10395,0.5320600000000001,0.47998,5.252999999999999,0.57407,0.15445,2015
Azerbaijan,Central and Eastern Europe,80.0,2.00073,1.02389,0.93793,0.3703,0.07799,5.212000000000001,0.64045,0.16065,2015
Pakistan,Southern Asia,81.0,3.1070900000000004,0.59543,0.41411,0.12102,0.33671,5.194,0.51466,0.10464,2015
Jordan,Middle East and Northern Africa,82.0,1.87996,0.90198,1.05392,0.4066099999999999,0.1105299999999999,5.192,0.69639,0.14293,2015
Montenegro,Central and Eastern Europe,82.0,2.10017,0.97438,0.90557,0.1826,0.1614,5.192,0.72521,0.14296,2015
China,Eastern Asia,84.0,1.8604,0.89012,0.94675,0.5169699999999999,0.08185,5.14,0.81658,0.02781,2015
Zambia,Sub-Saharan Africa,85.0,2.6343,0.47038,0.91612,0.48827,0.19591,5.129,0.29924,0.12468,2015
Romania,Central and Eastern Europe,86.0,1.93129,1.04345,0.8858799999999999,0.35068,0.13748,5.124,0.7689,0.00649,2015
Serbia,Central and Eastern Europe,87.0,2.025,0.92053,1.00964,0.20107,0.1923099999999999,5.122999999999999,0.74836,0.02617,2015
Portugal,Western Europe,88.0,1.26462,1.15991,1.13935,0.51469,0.13719,5.102,0.8751899999999999,0.01078,2015
Latvia,Central and Eastern Europe,89.0,1.62215,1.11312,1.09562,0.29671,0.1822599999999999,5.098,0.72437,0.06332,2015
Philippines,Southeastern Asia,90.0,1.7536,0.70532,1.03516,0.62545,0.24991,5.073,0.58114,0.12279,2015
Somaliland region,,91.0,2.11032,0.18847,0.95152,0.4658199999999999,0.5031800000000001,5.057,0.43873,0.39928,2015
Morocco,Middle East and Northern Africa,92.0,2.45373,0.7347899999999999,0.64095,0.41691,0.07172,5.013,0.60954,0.08546,2015
Macedonia,Central and Eastern Europe,93.0,1.7393299999999998,0.91851,1.00232,0.33457,0.22359,5.007,0.73545,0.05327,2015
Mozambique,Sub-Saharan Africa,94.0,3.05137,0.08308,1.02626,0.34037,0.22269,4.971,0.09131,0.15603,2015
Albania,Central and Eastern Europe,95.0,1.89894,0.8786700000000001,0.8043399999999999,0.35733,0.14272,4.959,0.81325,0.0641299999999999,2015
Bosnia and Herzegovina,Central and Eastern Europe,96.0,2.06367,0.8322299999999999,0.91916,0.09245,0.24808,4.949,0.79081,0.00227,2015
Lesotho,Sub-Saharan Africa,97.0,2.79832,0.37545,1.04103,0.31767,0.16388,4.898,0.07612,0.12504,2015
Dominican Republic,Latin America and Caribbean,98.0,1.21305,0.8953700000000001,1.17202,0.57672,0.21684,4.885,0.66825,0.14234,2015
Laos,Southeastern Asia,99.0,1.73799,0.5906600000000001,0.73803,0.59591,0.4219199999999999,4.876,0.54909,0.24249,2015
Mongolia,Eastern Asia,100.0,1.34759,0.82819,1.3006,0.43626,0.3323,4.874,0.60268,0.02666,2015
Swaziland,Sub-Saharan Africa,101.0,2.48676,0.71206,1.07284,0.30658,0.18259,4.867,0.07566,0.0306,2015
Greece,Western Europe,102.0,1.8010099999999998,1.15406,0.92933,0.07699,0.237932418699187,4.857,0.88213,0.0139699999999999,2015
Lebanon,Middle East and Northern Africa,103.0,1.57059,1.02564,0.80001,0.33916,0.21854,4.839,0.83947,0.04582,2015
Hungary,Central and Eastern Europe,104.0,1.24074,1.12094,1.20215,0.3211199999999999,0.128,4.8,0.75905,0.02758,2015
Honduras,Latin America and Caribbean,105.0,1.84408,0.59532,0.95348,0.40148,0.2302699999999999,4.788,0.6951,0.06825,2015
Tajikistan,Central and Eastern Europe,106.0,2.1139900000000003,0.39047,0.8556299999999999,0.47216,0.22974,4.7860000000000005,0.5737899999999999,0.15072,2015
Tunisia,Middle East and Northern Africa,107.0,2.12466,0.88113,0.60429,0.26268,0.06431,4.739,0.73793,0.06358,2015
Palestinian Territories,Middle East and Northern Africa,108.0,2.0438400000000003,0.59867,0.92558,0.24499,0.1125099999999999,4.715,0.66015,0.12905,2015
Bangladesh,Southern Asia,109.0,2.51767,0.39753,0.43106,0.4082,0.21222,4.694,0.60164,0.12569,2015
Iran,Middle East and Northern Africa,110.0,1.6944,1.0088,0.54447,0.30033,0.38086,4.686,0.69805,0.0586299999999999,2015
Ukraine,Central and Eastern Europe,111.0,1.5714,0.79907,1.20278,0.25123,0.15275,4.681,0.6739,0.02961,2015
Iraq,Middle East and Northern Africa,112.0,1.95335,0.98549,0.81889,0.43131308943089425,0.17922,4.677,0.60237,0.13788,2015
South Africa,Sub-Saharan Africa,113.0,1.7195599999999998,0.92049,1.18468,0.33207,0.1197299999999999,4.642,0.27688,0.08884,2015
Ghana,Sub-Saharan Africa,114.0,2.30919,0.5455800000000001,0.6795399999999999,0.4234199999999999,0.23087,4.633,0.4013199999999999,0.04355,2015
Zimbabwe,Sub-Saharan Africa,115.0,2.44191,0.271,1.03276,0.25861,0.18987,4.61,0.33475,0.08079,2015
Liberia,Sub-Saharan Africa,116.0,2.7772900000000003,0.0712,0.78968,0.28531,0.2436199999999999,4.571000000000001,0.34201,0.06232,2015
India,Southern Asia,117.0,2.27513,0.64499,0.38174,0.39786,0.26475,4.565,0.5152899999999999,0.08492,2015
Sudan,Sub-Saharan Africa,118.0,2.20857,0.52107,1.01404,0.10081,0.19062,4.55,0.36878,0.1466,2015
Haiti,Latin America and Caribbean,119.0,2.24173,0.26673,0.74302,0.24425,0.46187,4.518,0.38847,0.17175,2015
Congo (Kinshasa),Sub-Saharan Africa,120.0,2.86712,0.8361805284552848,1.0012,0.22605,0.24834,4.517,0.09806,0.07625,2015
Nepal,Southern Asia,121.0,1.95637,0.3599699999999999,0.86449,0.38282,0.3229599999999999,4.513999999999999,0.5687399999999999,0.05907,2015
Ethiopia,Sub-Saharan Africa,122.0,2.44876,0.1907299999999999,0.60406,0.4345,0.24325,4.512,0.44055,0.15048,2015
Sierra Leone,Sub-Saharan Africa,123.0,2.51009,0.33024,0.95571,0.4084,0.21488,4.507,0.6240791869918699,0.08786,2015
Mauritania,Sub-Saharan Africa,124.0,2.11773,0.45407,0.86908,0.2423199999999999,0.2189999999999999,4.436,0.35874,0.17461,2015
Kenya,Sub-Saharan Africa,125.0,1.78555,0.36471,0.99876,0.42215,0.37542,4.419,0.41435,0.05839,2015
Djibouti,Sub-Saharan Africa,126.0,2.05125,0.44025,0.59207,0.46074,0.18093,4.369,0.36291,0.28105,2015
Armenia,Central and Eastern Europe,127.0,1.75873,0.7682100000000001,0.7771100000000001,0.19847,0.07855,4.35,0.7299,0.039,2015
Botswana,Sub-Saharan Africa,128.0,1.46181,0.99355,1.10464,0.49495,0.10461,4.332,0.04776,0.12474,2015
Myanmar,Southeastern Asia,129.0,1.41805,0.27108,0.70905,0.44017,0.79588,4.307,0.48246,0.19034,2015
Georgia,Central and Eastern Europe,130.0,1.59541,0.7419,0.3856199999999999,0.4057699999999999,0.05547,4.297,0.72926,0.38331,2015
Malawi,Sub-Saharan Africa,131.0,2.80791,0.01604,0.41134,0.43054,0.33128,4.292,0.22562,0.06977,2015
Sri Lanka,Southern Asia,132.0,0.67108,0.83524,1.01905,0.5372600000000001,0.40828,4.271,0.70806,0.09179,2015
Cameroon,Sub-Saharan Africa,133.0,1.95071,0.4225,0.8876700000000001,0.49309,0.20618,4.252,0.2340199999999999,0.05786,2015
Bulgaria,Central and Eastern Europe,134.0,0.89991,1.01216,1.10614,0.30587,0.11921,4.218,0.76649,0.00872,2015
Egypt,Middle East and Northern Africa,135.0,1.59927,0.8818,0.747,0.17288,0.11291,4.194,0.61712,0.06324,2015
Yemen,Middle East and Northern Africa,136.0,1.92313,0.5464899999999999,0.68093,0.3557099999999999,0.09131,4.077,0.40064,0.07854,2015
Angola,Sub-Saharan Africa,137.0,1.94939,0.75778,0.8604,0.10384,0.12344,4.033,0.16683,0.07122,2015
Mali,Sub-Saharan Africa,138.0,1.79293,0.26074,1.03526,0.3885699999999999,0.18798,3.995,0.20583,0.12352,2015
Congo (Brazzaville),Sub-Saharan Africa,139.0,1.68135,0.67866,0.6629,0.41466,0.1238799999999999,3.989,0.31051,0.1168599999999999,2015
Comoros,Sub-Saharan Africa,140.0,1.95812,0.23906,0.79273,0.2291699999999999,0.1744099999999999,3.956,0.36315,0.1989999999999999,2015
Uganda,Sub-Saharan Africa,141.0,1.42766,0.2110199999999999,1.13299,0.4572699999999999,0.29066,3.931,0.3386099999999999,0.07267,2015
Senegal,Sub-Saharan Africa,142.0,1.44395,0.36498,0.97619,0.36772,0.20843,3.904,0.4354,0.1071299999999999,2015
Gabon,Sub-Saharan Africa,143.0,0.99895,1.06024,0.90528,0.31914,0.06822,3.896,0.43372,0.11091,2015
Niger,Sub-Saharan Africa,144.0,1.87877,0.0694,0.77265,0.4769199999999999,0.19387,3.845,0.29707,0.15639,2015
Cambodia,Southeastern Asia,145.0,0.98195,0.46038,0.62736,0.66246,0.40359,3.819,0.61114,0.07247,2015
Tanzania,Sub-Saharan Africa,146.0,1.38079,0.2852,1.00268,0.32878,0.3437699999999999,3.781,0.38215,0.05747,2015
Madagascar,Sub-Saharan Africa,147.0,1.851,0.20824,0.66801,0.19184,0.21333,3.681,0.46721,0.0812399999999999,2015
Central African Republic,Sub-Saharan Africa,148.0,2.7223,0.0785,0.9892257723577236,0.4887899999999999,0.23835,3.678,0.06699,0.0828899999999999,2015
Chad,Sub-Saharan Africa,149.0,1.94296,0.34193,0.76062,0.23501,0.18386,3.667,0.1501,0.05269,2015
Guinea,Sub-Saharan Africa,150.0,1.99172,0.17417,0.46475,0.37725,0.28657,3.656,0.24009,0.12139,2015
Ivory Coast,Sub-Saharan Africa,151.0,1.41723,0.46534,0.77115,0.46866,0.20165,3.655,0.15185,0.17922,2015
Burkina Faso,Sub-Saharan Africa,152.0,1.46494,0.2581199999999999,0.85188,0.39493,0.2174699999999999,3.587,0.27125,0.12832,2015
Afghanistan,Southern Asia,153.0,1.9521,0.31982,0.30285,0.23414,0.3651,3.575,0.30335,0.09719,2015
Rwanda,Sub-Saharan Africa,154.0,0.67042,0.22208,0.7737,0.59201,0.22628,3.465,0.4286399999999999,0.55191,2015
Benin,Sub-Saharan Africa,155.0,1.6332799999999998,0.28665,0.35386,0.4845,0.1826,3.34,0.3191,0.0801,2015
Syria,Middle East and Northern Africa,156.0,0.32858,0.6632,0.47489,0.15684,0.47179,3.006,0.7219300000000001,0.1890599999999999,2015
Burundi,Sub-Saharan Africa,157.0,1.83302,0.0153,0.4158699999999999,0.1185,0.19727,2.905,0.22396,0.10062,2015
Togo,Sub-Saharan Africa,158.0,1.56726,0.20868,0.13995,0.36453,0.1668099999999999,2.839,0.28443,0.1073099999999999,2015
Somaliland Region,Sub-Saharan Africa,159.0,1.92917,0.40915333333333326,0.8261666666666666,0.45866,0.25417666666666666,2.473946557042435,0.3370933333333333,0.13243333333333335,2015.
Somalia,Sub-Saharan Africa,160.0,1.92917,0.40915333333333326,0.8261666666666666,0.45866,0.25417666666666666,2.2210663590528643,0.3370933333333333,0.13243333333333335,2015.
Puerto Rico,Latin America and Caribbean,161.0,2.7190600000000003,0.9036566666666667,1.17155,0.5897733333333334,0.25575999999999993,1.9124613886353456,0.7098166666666668,0.10819333333333332,2015/
Belize,Latin America and Caribbean,162.0,2.7190600000000003,0.9036566666666667,1.17155,0.5897733333333334,0.25575999999999993,1.4353711881127085,0.7098166666666668,0.10819333333333332,2015.
Namibia,Sub-Saharan Africa,163.0,1.92917,0.40915333333333326,0.8261666666666666,0.45866,0.25417666666666666,1.1551801292877262,0.3370933333333333,0.13243333333333335,2015.
South Sudan,Sub-Saharan Africa,164.0,1.92917,0.40915333333333326,0.8261666666666666,0.45866,0.25417666666666666,1.0027287449331515,0.3370933333333333,0.13243333333333335,2015.
Denmark,Western Europe,1.0,2.73939,1.4417799999999998,1.16374,0.5794100000000001,0.36171,7.526,0.79504,0.44453,2016.0
Switzerland,Western Europe,2.0,2.69463,1.52733,1.14524,0.58557,0.28083,7.508999999999999,0.86303,0.41203,2016.0
Iceland,Western Europe,3.0,2.83137,1.42666,1.18326,0.56624,0.47678,7.501,0.8673299999999999,0.14975,2016.0
Norway,Western Europe,4.0,2.66465,1.57744,1.1269,0.59609,0.37895,7.497999999999999,0.79579,0.3577599999999999,2016.0
Finland,Western Europe,5.0,2.82596,1.40598,1.13464,0.57104,0.25492,7.412999999999999,0.81091,0.4100399999999999,2016.0
Canada,North America,6.0,2.70485,1.44015,1.0961,0.5737,0.4483399999999999,7.404,0.8276,0.31329,2016.0
Netherlands,Western Europe,7.0,2.70749,1.46468,1.02912,0.55211,0.47416,7.338999999999999,0.8123100000000001,0.29927,2016.0
New Zealand,Australia and New Zealand,8.0,2.47553,1.36066,1.17278,0.5814699999999999,0.49401,7.334,0.83096,0.4190399999999999,2016.0
Australia,Australia and New Zealand,9.0,2.5465,1.44443,1.10476,0.5683699999999999,0.47407,7.313,0.8512,0.32331,2016.0
Sweden,Western Europe,10.0,2.54734,1.45181,1.08764,0.58218,0.38254,7.291,0.83121,0.40867,2016.0
Israel,Middle East and Northern Africa,11.0,3.31029,1.33766,0.99537,0.36432,0.32288,7.267,0.8491700000000001,0.08728,2016.0
Austria,Western Europe,12.0,2.69343,1.45038,1.0838299999999998,0.54355,0.32865,7.119,0.80565,0.21348,2016.0
United States,North America,13.0,2.72782,1.50796,1.04782,0.48163,0.4107699999999999,7.104,0.779,0.14868,2016.0
Costa Rica,Latin America and Caribbean,14.0,3.3516800000000004,1.06879,1.02152,0.55225,0.22553,7.087000000000001,0.76146,0.10547,2016.0
Puerto Rico,Latin America and Caribbean,15.0,3.0076,1.35943,1.08113,0.46823,0.22202,7.039,0.77758,0.12275,2016.0
Germany,Western Europe,16.0,2.50931,1.44787,1.09774,0.53466,0.3045199999999999,6.994,0.81487,0.28551,2016.0
Brazil,Latin America and Caribbean,17.0,3.5073300000000005,1.08754,1.03938,0.40425,0.1577599999999999,6.952000000000001,0.61415,0.1416599999999999,2016.0
Belgium,Western Europe,18.0,2.61355,1.42539,1.05249,0.51354,0.2424,6.928999999999999,0.8195899999999999,0.26248,2016.0
Ireland,Western Europe,19.0,2.15988,1.48341,1.16157,0.54008,0.44963,6.907,0.81455,0.29754,2016.0
Luxembourg,Western Europe,20.0,2.11055,1.69752,1.03999,0.5487,0.27571,6.871,0.8454200000000001,0.35329,2016.0
Mexico,Latin America and Caribbean,21.0,3.55906,1.1150799999999998,0.7146,0.37709,0.11735,6.778,0.71143,0.18355,2016.0
Singapore,Southeastern Asia,22.0,1.99375,1.64555,0.8675799999999999,0.4877,0.32706,6.739,0.94719,0.4698699999999999,2016.0
United Kingdom,Western Europe,23.0,2.1499900000000003,1.40283,1.08672,0.50036,0.50156,6.725,0.80991,0.27399,2016.0
Chile,Latin America and Caribbean,24.0,2.95505,1.2167,0.90587,0.37789,0.31595,6.705,0.8188300000000001,0.1145099999999999,2016.0
Panama,Latin America and Caribbean,25.0,3.00559,1.18306,0.98912,0.48927,0.2418,6.7010000000000005,0.70835,0.08423,2016.0
Argentina,Latin America and Caribbean,26.0,3.12985,1.15137,1.0661200000000002,0.4228399999999999,0.10989,6.65,0.69711,0.07296,2016.0
Czech Republic,Central and Eastern Europe,27.0,2.96211,1.30915,1.00793,0.41418,0.09929,6.596,0.76376,0.03986,2016.0
United Arab Emirates,Middle East and Northern Africa,28.0,2.21507,1.57352,0.8711399999999999,0.56215,0.26591,6.573,0.72993,0.35561,2016.0
Uruguay,Latin America and Caribbean,29.0,2.67139,1.18157,1.0314299999999998,0.54388,0.18056,6.545,0.72183,0.21394,2016.0
Malta,Western Europe,30.0,1.99032,1.30782,1.09879,0.54994,0.56237,6.488,0.80315,0.17554,2016.0
Colombia,Latin America and Caribbean,31.0,3.17471,1.03032,1.02169,0.44735,0.1562599999999999,6.481,0.59659,0.0539899999999999,2016.0
France,Western Europe,32.0,2.4744,1.39488,1.00508,0.46562,0.1216,6.478,0.83795,0.17808,2016.0
Thailand,Southeastern Asia,33.0,2.5796,1.0893,1.04477,0.49553,0.58696,6.474,0.64915,0.02833,2016.0
Taiwan,Eastern Asia,34.0,2.61523,1.39729,0.92624,0.32377,0.25495,6.379,0.79565,0.0663,2016.0
Saudi Arabia,Middle East and Northern Africa,34.0,2.61482,1.48953,0.84829,0.37904,0.15457,6.379,0.59267,0.30008,2016.0
Qatar,Middle East and Northern Africa,36.0,1.58224,1.82427,0.87964,0.56679,0.32388,6.375,0.71723,0.48049,2016.0
Spain,Western Europe,37.0,2.39663,1.34253,1.12945,0.37545,0.17665,6.361000000000001,0.8789600000000001,0.06137,2016.0
Algeria,Middle East and Northern Africa,38.0,3.40904,1.05266,0.83309,0.21006,0.07044,6.355,0.6180399999999999,0.16157,2016.0
Guatemala,Latin America and Caribbean,39.0,3.19863,0.83454,0.8711899999999999,0.50379,0.28808,6.324,0.5403899999999999,0.08701,2016.0
Suriname,Latin America and Caribbean,40.0,3.06852,1.09686,0.77866,0.5223399999999999,0.16665,6.269,0.5093300000000001,0.12692,2016.0
Kuwait,Middle East and Northern Africa,41.0,2.28085,1.61714,0.8775799999999999,0.43166,0.15965,6.239,0.63569,0.23669,2016.0
Bahrain,Middle East and Northern Africa,42.0,2.27405,1.44024,0.94397,0.47375,0.17147,6.218,0.65696,0.25772,2016.0
Trinidad and Tobago,Latin America and Caribbean,43.0,2.5139400000000003,1.32572,0.98569,0.48453,0.31935,6.167999999999999,0.52608,0.01241,2016.0
Venezuela,Latin America and Caribbean,44.0,2.97468,1.1336700000000002,1.03302,0.19847,0.0425,6.084,0.6190399999999999,0.08304,2016.0
Slovakia,Central and Eastern Europe,45.0,2.61065,1.27973,1.08268,0.2339099999999999,0.13837,6.077999999999999,0.70367,0.02947,2016.0
El Salvador,Latin America and Caribbean,46.0,3.22134,0.8737,0.80975,0.37269,0.08877,6.068,0.596,0.10613,2016.0
Malaysia,Southeastern Asia,47.0,2.35384,1.25142,0.88025,0.39031,0.4147399999999999,6.005,0.62366,0.09081,2016.0
Nicaragua,Latin America and Caribbean,48.0,2.82428,0.69384,0.8952100000000001,0.4658199999999999,0.29773,5.992000000000001,0.65213,0.16292,2016.0
Uzbekistan,Central and Eastern Europe,49.0,2.34638,0.7359100000000001,1.1681,0.60848,0.34326,5.987,0.50163,0.28333,2016.0
Italy,Western Europe,50.0,2.34918,1.35495,1.04167,0.18827,0.16684,5.977,0.8510200000000001,0.02556,2016.0
Ecuador,Latin America and Caribbean,51.0,2.77366,0.97306,0.85974,0.4027,0.10074,5.976,0.68613,0.18037,2016.0
Belize,Latin America and Caribbean,52.0,3.08039,0.87616,0.68655,0.51231,0.23684,5.956,0.45569,0.1077099999999999,2016.0
Japan,Eastern Asia,53.0,1.80584,1.38007,1.06054,0.46761,0.10224,5.921,0.91491,0.18985,2016.0
Kazakhstan,Central and Eastern Europe,54.0,2.49325,1.22943,0.95544,0.4052,0.15011,5.919,0.57386,0.11132,2016.0
Moldova,Central and Eastern Europe,55.0,3.38007,0.69177,0.8313200000000001,0.2520199999999999,0.19997,5.897,0.5230899999999999,0.01903,2016.0
Russia,Central and Eastern Europe,56.0,2.59115,1.2322799999999998,1.05261,0.32682,0.02736,5.856,0.58991,0.03586,2016.0
South Korea,Eastern Asia,57.0,2.35015,1.35948,0.7219399999999999,0.25168,0.18824,5.835,0.88645,0.07716,2016.0
Poland,Central and Eastern Europe,57.0,2.20035,1.24585,1.04685,0.4519,0.14443,5.835,0.69058,0.055,2016.0
Bolivia,Latin America and Caribbean,59.0,2.91635,0.79422,0.8377899999999999,0.50961,0.21698,5.822,0.4697,0.07746,2016.0
Lithuania,Central and Eastern Europe,60.0,2.60525,1.2692,1.06411,0.18929,0.02025,5.813,0.64674,0.0182,2016.0
Belarus,Central and Eastern Europe,61.0,2.3858200000000003,1.1306200000000002,1.04993,0.29091,0.13942,5.8020000000000005,0.6310399999999999,0.17457,2016.0
North Cyprus,Western Europe,62.0,1.93447,1.31141,0.81826,0.43596,0.26322,5.771,0.8414200000000001,0.1657799999999999,2016.0
Slovenia,Central and Eastern Europe,63.0,1.79522,1.29947,1.05613,0.53164,0.25738,5.768,0.79151,0.03635,2016.0
Peru,Latin America and Caribbean,64.0,2.73117,0.99602,0.81255,0.3750199999999999,0.14527,5.742999999999999,0.6299399999999999,0.05292,2016.0
Turkmenistan,Central and Eastern Europe,65.0,2.21489,1.08017,1.03817,0.37408,0.2256699999999999,5.658,0.44006,0.28467,2016.0
Mauritius,Sub-Saharan Africa,66.0,2.20223,1.14372,0.75695,0.46145,0.36951,5.648,0.66189,0.0520299999999999,2016.0
Libya,Middle East and Northern Africa,67.0,2.39374,1.0668799999999998,0.95076,0.4067199999999999,0.17087,5.615,0.52304,0.10339,2016.0
Latvia,Central and Eastern Europe,68.0,2.20859,1.21788,0.95025,0.27996,0.17445,5.56,0.63952,0.0889,2016.0
Cyprus,Western Europe,69.0,2.04497,1.31857,0.70697,0.29507,0.27906,5.546,0.8488,0.0522799999999999,2016.0
Paraguay,Latin America and Caribbean,70.0,2.16091,0.8937299999999999,1.11111,0.46235,0.25296,5.537999999999999,0.58295,0.07396,2016.0
Romania,Central and Eastern Europe,71.0,2.45184,1.1697,0.7280300000000001,0.36712,0.12889,5.528,0.67602,0.00679,2016.0
Estonia,Central and Eastern Europe,72.0,1.81985,1.27964,1.0516299999999998,0.41511,0.08423,5.517,0.68098,0.18519,2016.0
Jamaica,Latin America and Caribbean,73.0,2.35682,0.89333,0.96372,0.4359699999999999,0.22245,5.51,0.5946899999999999,0.04294,2016.0
Croatia,Central and Eastern Europe,74.0,2.52462,1.18649,0.6080899999999999,0.2390699999999999,0.18434,5.488,0.70524,0.04002,2016.0
Hong Kong,Eastern Asia,75.0,0.92614,1.5107,0.87021,0.4807899999999999,0.40097,5.457999999999999,0.95277,0.31647,2016.0
Somalia,Sub-Saharan Africa,76.0,3.83772,0.9363112065439674,0.33613,0.5677800000000001,0.27225,5.44,0.1146599999999999,0.3118,2016.0
Kosovo,Central and Eastern Europe,77.0,2.80998,0.90145,0.66062,0.14396,0.27992,5.401,0.54,0.06547,2016.0
Turkey,Middle East and Northern Africa,78.0,2.29074,1.1649200000000002,0.8771700000000001,0.23889,0.04707,5.388999999999999,0.64718,0.1234799999999999,2016.0
Indonesia,Southeastern Asia,79.0,2.03171,0.95104,0.87625,0.39237,0.56521,5.314,0.4937399999999999,0.00322,2016.0
Jordan,Middle East and Northern Africa,80.0,2.20142,0.99673,0.86216,0.36023,0.14262,5.303,0.60712,0.13297,2016.0
Azerbaijan,Central and Eastern Europe,81.0,2.2735,1.12373,0.76042,0.35327,0.0564,5.291,0.54504,0.17914,2016.0
Philippines,Southeastern Asia,82.0,2.23484,0.81217,0.87877,0.5485399999999999,0.21674,5.279,0.47036,0.11757,2016.0
China,Eastern Asia,83.0,2.17087,1.0278,0.79381,0.4401199999999999,0.0495899999999999,5.245,0.73561,0.02745,2016.0
Bhutan,Southern Asia,84.0,1.82916,0.8527,0.90836,0.46074,0.48546,5.196000000000001,0.49759,0.1616,2016.0
Kyrgyzstan,Central and Eastern Europe,85.0,2.28136,0.5604399999999999,0.95434,0.40212,0.38432,5.185,0.5544899999999999,0.0476199999999999,2016.0
Serbia,Central and Eastern Europe,86.0,2.27539,1.03437,0.81329,0.15718,0.2073699999999999,5.1770000000000005,0.6458,0.04339,2016.0
Bosnia and Herzegovina,Central and Eastern Europe,87.0,2.48406,0.93383,0.64367,0.09511,0.29889,5.162999999999999,0.7076600000000001,0.13671298568507156,2016.0
Montenegro,Central and Eastern Europe,88.0,2.25531,1.07838,0.74173,0.15111,0.1719099999999999,5.1610000000000005,0.6353300000000001,0.12721,2016.0
Dominican Republic,Latin America and Caribbean,89.0,1.69626,1.02787,0.99496,0.52259,0.21286,5.155,0.5766899999999999,0.12372,2016.0
Morocco,Middle East and Northern Africa,90.0,2.94891,0.8405799999999999,0.38595,0.2564599999999999,0.04053,5.151,0.5947100000000001,0.08404,2016.0
Hungary,Central and Eastern Europe,91.0,1.95473,1.24142,0.93164,0.1977,0.099,5.145,0.67608,0.0447199999999999,2016.0
Pakistan,Southern Asia,92.0,3.18286,0.68816,0.26135,0.14622,0.31185,5.132000000000001,0.40306,0.1388,2016.0
Lebanon,Middle East and Northern Africa,93.0,2.0733900000000003,1.12268,0.64184,0.26228,0.23693,5.129,0.76171,0.03061,2016.0
Portugal,Western Europe,94.0,1.53015,1.27607,0.94367,0.44727,0.1169099999999999,5.122999999999999,0.7936300000000001,0.01521,2016.0
Macedonia,Central and Eastern Europe,95.0,2.08947,1.0193,0.78236,0.27668,0.2350699999999999,5.121,0.6473800000000001,0.07047,2016.0
Vietnam,Southeastern Asia,96.0,1.9418,0.74037,0.7911699999999999,0.5595399999999999,0.25075,5.061,0.66157,0.11556,2016.0
Somaliland Region,Sub-Saharan Africa,97.0,2.43801,0.25558,0.75862,0.3913,0.51479,5.057,0.33108,0.36794,2016.0
Tunisia,Middle East and Northern Africa,98.0,2.68413,0.97724,0.43165,0.23553,0.03936,5.045,0.59577,0.0817,2016.0
Greece,Western Europe,99.0,2.12944,1.24886,0.75473,0.05822,0.24164186094069529,5.033,0.80029,0.04127,2016.0
Tajikistan,Central and Eastern Europe,100.0,2.39106,0.48835,0.75602,0.43408,0.25998,4.996,0.5311899999999999,0.13509,2016.0
Mongolia,Eastern Asia,101.0,1.53586,0.98853,1.08983,0.35972,0.34539,4.907,0.55469,0.03285,2016.0
Laos,Southeastern Asia,102.0,2.08637,0.68042,0.5497,0.52168,0.4307899999999999,4.876,0.38291,0.22423,2016.0
Nigeria,Sub-Saharan Africa,103.0,2.88586,0.75216,0.64498,0.27854,0.23219,4.875,0.05108,0.0305,2016.0
Honduras,Latin America and Caribbean,104.0,2.29551,0.69429,0.7559600000000001,0.26755,0.2044,4.871,0.5838300000000001,0.06906,2016.0
Iran,Middle East and Northern Africa,105.0,1.99817,1.11758,0.3885699999999999,0.22544,0.38538,4.813,0.64232,0.0557,2016.0
Zambia,Sub-Saharan Africa,106.0,2.58991,0.61202,0.6376,0.42662,0.1786599999999999,4.795,0.23573,0.11479,2016.0
Nepal,Southern Asia,107.0,2.32694,0.44626,0.69699,0.37012,0.3816,4.793,0.50073,0.0700799999999999,2016.0
Palestinian Territories,Middle East and Northern Africa,108.0,2.40364,0.67024,0.71629,0.17744,0.11154,4.754,0.56844,0.10613,2016.0
Albania,Central and Eastern Europe,109.0,1.92816,0.9553,0.50163,0.31866,0.1684,4.655,0.73007,0.05301,2016.0
Bangladesh,Southern Asia,110.0,2.60904,0.54177,0.24749,0.39778,0.19132,4.643,0.52989,0.12583,2016.0
Sierra Leone,Sub-Saharan Africa,111.0,3.01402,0.36485,0.628,0.30685,0.23897,4.635,0.5473815950920244,0.08196,2016.0
Iraq,Middle East and Northern Africa,112.0,1.81657,1.07474,0.59205,0.24856,0.19589,4.575,0.51076,0.1363599999999999,2016.0
Namibia,Sub-Saharan Africa,113.0,1.92198,0.93287,0.70362,0.4861399999999999,0.07795,4.574,0.34745,0.1039799999999999,2016.0
Cameroon,Sub-Saharan Africa,114.0,2.5198,0.5249699999999999,0.62542,0.42736,0.2268,4.513,0.1269799999999999,0.06126,2016.0
Ethiopia,Sub-Saharan Africa,115.0,2.65614,0.29283,0.37932,0.36703,0.29522,4.508,0.34578,0.1717,2016.0
South Africa,Sub-Saharan Africa,116.0,1.64227,1.02416,0.96053,0.42483,0.13656,4.459,0.18611,0.08415,2016.0
Sri Lanka,Southern Asia,117.0,0.91681,0.97318,0.84783,0.50817,0.46978,4.415,0.62007,0.07964,2016.0
India,Southern Asia,118.0,2.18032,0.74036,0.29247,0.40285,0.25028,4.404,0.45091,0.08722,2016.0
Myanmar,Southeastern Asia,119.0,1.50655,0.34112,0.69981,0.4269199999999999,0.81971,4.395,0.3988,0.20243,2016.0
Egypt,Middle East and Northern Africa,120.0,1.96895,0.95395,0.49813,0.18847,0.1270599999999999,4.362,0.5211600000000001,0.10393,2016.0
Armenia,Central and Eastern Europe,121.0,1.97864,0.8608600000000001,0.6247699999999999,0.14037,0.07793,4.36,0.64083,0.03616,2016.0
Kenya,Sub-Saharan Africa,122.0,1.88326,0.52267,0.7624,0.40576,0.41328,4.356,0.3014699999999999,0.06686,2016.0
Ukraine,Central and Eastern Europe,123.0,1.50066,0.87287,1.01413,0.12859,0.20363,4.324,0.58628,0.01829,2016.0
Ghana,Sub-Saharan Africa,124.0,2.2002,0.63107,0.49353,0.40973,0.21203,4.276,0.29681,0.0326,2016.0
Congo (Kinshasa),Sub-Saharan Africa,125.0,2.7492400000000004,0.05661,0.80676,0.15602,0.25458,4.272,0.188,0.06075,2016.0
Georgia,Central and Eastern Europe,126.0,1.87031,0.8379200000000001,0.19249,0.32461,0.06786,4.252,0.64035,0.3188,2016.0
Congo (Brazzaville),Sub-Saharan Africa,127.0,2.10681,0.7710899999999999,0.4779899999999999,0.37938,0.12077,4.236000000000001,0.28212,0.0975299999999999,2016.0
Senegal,Sub-Saharan Africa,128.0,1.97861,0.44314,0.7741600000000001,0.31056,0.19103,4.218999999999999,0.40457,0.11681,2016.0
Bulgaria,Central and Eastern Europe,129.0,1.15377,1.11306,0.92542,0.21219,0.12793,4.217,0.67806,0.00615,2016.0
Mauritania,Sub-Saharan Africa,130.0,1.9263,0.6139100000000001,0.8414200000000001,0.1268,0.2268599999999999,4.2010000000000005,0.28639,0.17955,2016.0
Zimbabwe,Sub-Saharan Africa,131.0,2.4427,0.35041,0.71478,0.25429,0.18503,4.1930000000000005,0.1595,0.08582,2016.0
Malawi,Sub-Saharan Africa,132.0,2.82859,0.08709,0.147,0.4143,0.30968,4.156000000000001,0.29364,0.07564,2016.0
Sudan,Sub-Saharan Africa,133.0,2.10995,0.63069,0.8192799999999999,0.3701315950920245,0.18077,4.138999999999999,0.29759,0.10039,2016.0
Gabon,Sub-Saharan Africa,134.0,1.4533200000000002,1.15851,0.72368,0.28098,0.0624399999999999,4.121,0.3494,0.09314,2016.0
Mali,Sub-Saharan Africa,135.0,2.11087,0.31292,0.8633299999999999,0.27544,0.21064,4.073,0.16347,0.13647,2016.0
Haiti,Latin America and Caribbean,136.0,2.37116,0.34097,0.29561,0.12072,0.47958,4.0280000000000005,0.27494,0.14476,2016.0
Botswana,Sub-Saharan Africa,137.0,0.96741,1.09426,0.89186,0.4408899999999999,0.12425,3.974,0.34752,0.10769,2016.0
Comoros,Sub-Saharan Africa,138.0,2.25632,0.27509,0.60323,0.15412,0.1827,3.956,0.2998099999999999,0.18437,2016.0
Ivory Coast,Sub-Saharan Africa,139.0,1.97478,0.55507,0.57576,0.40663,0.20338,3.916,0.04476,0.1553,2016.0
Cambodia,Southeastern Asia,140.0,1.3157299999999998,0.55604,0.5375,0.5885199999999999,0.40339,3.907,0.42494,0.08092,2016.0
Angola,Sub-Saharan Africa,141.0,2.09459,0.84731,0.66366,0.00589,0.1207099999999999,3.866,0.04991,0.08434,2016.0
Niger,Sub-Saharan Africa,142.0,2.09469,0.1327,0.6053,0.3804099999999999,0.2097,3.856,0.2616199999999999,0.17176,2016.0
South Sudan,Sub-Saharan Africa,143.0,2.50929,0.39394,0.18519,0.19662,0.25899,3.832,0.1578099999999999,0.13015,2016.0
Chad,Sub-Saharan Africa,144.0,2.3063700000000003,0.4221399999999999,0.63178,0.12807,0.18667,3.763,0.0382399999999999,0.04952,2016.0
Uganda,Sub-Saharan Africa,145.0,1.51416,0.34719,0.90981,0.43653,0.27102,3.739,0.19625,0.06442,2016.0
Burkina Faso,Sub-Saharan Africa,145.0,1.87319,0.31995,0.63054,0.3337,0.24353,3.739,0.21297,0.12533,2016.0
Yemen,Middle East and Northern Africa,147.0,1.97295,0.57939,0.47493,0.2287,0.09821,3.724,0.31048,0.05892,2016.0
Madagascar,Sub-Saharan Africa,148.0,2.15075,0.27954,0.46115,0.13684,0.2204,3.695,0.37109,0.07506,2016.0
Tanzania,Sub-Saharan Africa,149.0,1.37769,0.47155,0.77623,0.3176,0.31472,3.666,0.357,0.05099,2016.0
Liberia,Sub-Saharan Africa,150.0,2.23284,0.1070599999999999,0.50353,0.25748,0.24063,3.622,0.23165,0.04852,2016.0
Guinea,Sub-Saharan Africa,151.0,2.15604,0.22415,0.3109,0.30953,0.29914,3.607,0.18829,0.1192,2016.0
Rwanda,Sub-Saharan Africa,152.0,0.96819,0.32846,0.6158600000000001,0.5432,0.2355199999999999,3.515,0.31865,0.50521,2016.0
Benin,Sub-Saharan Africa,153.0,2.10812,0.39499,0.10419,0.39747,0.2018,3.484,0.21028,0.06681,2016.0
Afghanistan,Southern Asia,154.0,2.14558,0.38227,0.11037,0.1643,0.31268,3.36,0.17344,0.07112,2016.0
Togo,Sub-Saharan Africa,155.0,2.1354,0.28123,0.7783238854805726,0.34678,0.17517,3.303,0.24811,0.11587,2016.0
Syria,Middle East and Northern Africa,156.0,0.81789,0.7471899999999999,0.14866,0.06912,0.4839699999999999,3.069,0.6299399999999999,0.1723299999999999,2016.0
Burundi,Sub-Saharan Africa,157.0,2.1040400000000004,0.06831,0.23442,0.0432,0.2029,2.905,0.15747,0.09419,2016.0
Djibouti,Sub-Saharan Africa,158.0,2.2937833333333333,0.37246666666666667,0.31616666666666665,0.36097666666666667,0.21765666666666664,2.4953720190408477,0.22404333333333334,0.11662,2016.0
Swaziland,Sub-Saharan Africa,159.0,2.2937833333333333,0.37246666666666667,0.31616666666666665,0.36097666666666667,0.21765666666666664,1.9384680398685796,0.22404333333333334,0.11662,2016.0
Lesotho,Sub-Saharan Africa,160.0,2.2937833333333333,0.37246666666666667,0.31616666666666665,0.36097666666666667,0.21765666666666664,1.90051038485528,0.22404333333333334,0.11662,2016.0
Mozambique,Sub-Saharan Africa,161.0,2.2937833333333333,0.37246666666666667,0.31616666666666665,0.36097666666666667,0.21765666666666664,1.6285507315856318,0.22404333333333334,0.11662,2016.0
Central African Republic,Sub-Saharan Africa,162.0,2.2937833333333333,0.37246666666666667,0.31616666666666665,0.36097666666666667,0.21765666666666664,1.341577254916847,0.22404333333333334,0.11662,2016.0
Oman,Middle East and Northern Africa,163.0,2.3666033333333334,0.9972633333333333,0.68745,0.28052666666666665,0.20566000000000004,1.1956091155302713,0.5568033333333333,0.09418666666666664,2016.0
Norway,Western Europe,1.0,2.27702665328979,1.61646318435669,1.53352355957031,0.635422587394714,0.36201223731041,7.537000179290769,0.796666502952576,0.315963834524155,2017
Denmark,Western Europe,2.0,2.31370735168457,1.48238301277161,1.55112159252167,0.626006722450256,0.3552804887294771,7.52199983596802,0.7925655245780941,0.4007700681686399,2017
Iceland,Western Europe,3.0,2.32271528244019,1.480633020401,1.6105740070343,0.6271626353263849,0.475540220737457,7.50400018692017,0.8335521221160892,0.153526559472084,2017
Switzerland,Western Europe,4.0,2.2767162322998,1.5649795532226598,1.51691174507141,0.620070576667786,0.2905492782592769,7.49399995803833,0.858131289482117,0.367007285356522,2017
Finland,Western Europe,5.0,2.4301815032959,1.44357192516327,1.5402467250824,0.6179508566856379,0.24548277258873,7.468999862670901,0.80915766954422,0.38261154294014,2017
Netherlands,Western Europe,6.0,2.29480409622192,1.50394463539124,1.42893922328949,0.5853844881057739,0.470489829778671,7.3769998550415,0.8106961250305179,0.282661825418472,2017
Canada,North America,7.0,2.18726444244385,1.47920441627502,1.48134899139404,0.611100912094116,0.435539722442627,7.31599998474121,0.83455765247345,0.287371516227722,2017
New Zealand,Australia and New Zealand,8.0,2.0464563369751,1.40570604801178,1.54819512367249,0.6140621304512021,0.500005125999451,7.31400012969971,0.816759705543518,0.382816702127457,2017
Sweden,Western Europe,9.0,2.09753799438477,1.49438726902008,1.47816216945648,0.612924098968506,0.3853992521762849,7.28399991989136,0.830875158309937,0.384398728609085,2017
Australia,Australia and New Zealand,10.0,2.06521081924438,1.4844149351120002,1.5100419521331798,0.601607382297516,0.477699249982834,7.28399991989136,0.84388679265976,0.301183730363846,2017
Israel,Middle East and Northern Africa,11.0,2.80175733566284,1.3753824234008798,1.37628996372223,0.4059886038303379,0.330082654953003,7.212999820709231,0.83840399980545,0.0852421000599859,2017
Costa Rica,Latin America and Caribbean,12.0,2.89863920211792,1.10970628261566,1.4164036512374898,0.580131649971008,0.214613229036331,7.0789999961853,0.7595092654228209,0.100106589496136,2017
Austria,Western Europe,13.0,2.1385064125061004,1.48709726333618,1.4599449634552,0.567766189575195,0.316472321748734,7.00600004196167,0.8153284192085269,0.221060365438461,2017
United States,North America,14.0,2.2181134223938,1.54625928401947,1.4199205636978105,0.505740523338318,0.392578780651093,6.993000030517581,0.7742866277694699,0.135638788342476,2017
Ireland,Western Europe,15.0,1.77386903762817,1.5357066392898602,1.55823111534119,0.5731103420257571,0.42785832285881,6.977000236511231,0.8097826242446899,0.29838815331459,2017
Germany,Western Europe,16.0,2.01576995849609,1.48792338371277,1.47252035140991,0.562511384487152,0.336269170045853,6.9510002136230495,0.798950731754303,0.276731938123703,2017
Belgium,Western Europe,17.0,2.12421035766602,1.46378076076508,1.4623126983642598,0.5397707223892211,0.2315033376216889,6.89099979400635,0.8180918693542479,0.251343131065369,2017
Luxembourg,Western Europe,18.0,1.61951208114624,1.74194359779358,1.45758366584778,0.59662789106369,0.283180981874466,6.86299991607666,0.845089495182037,0.31883442401886,2017
United Kingdom,Western Europe,19.0,1.70414352416992,1.44163393974304,1.4964600801467902,0.508190035820007,0.492774158716202,6.71400022506714,0.805335938930511,0.265428066253662,2017
Chile,Latin America and Caribbean,20.0,2.50958585739136,1.25278460979462,1.28402495384216,0.376895278692245,0.3266624212265011,6.65199995040894,0.8194797039031979,0.082287982106209,2017
United Arab Emirates,Middle East and Northern Africa,21.0,1.734703540802,1.6263433694839498,1.26641023159027,0.60834527015686,0.3609419465065,6.6479997634887695,0.726798236370087,0.324489563703537,2017
Brazil,Latin America and Caribbean,22.0,2.7692670822143595,1.10735321044922,1.43130600452423,0.437453746795654,0.1623498946428299,6.63500022888184,0.6165523529052729,0.111092761158943,2017
Czech Republic,Central and Eastern Europe,23.0,2.45186185836792,1.35268235206604,1.43388521671295,0.4909461736679079,0.088106758892536,6.60900020599365,0.754444003105164,0.036872927099466,2017
Argentina,Latin America and Caribbean,24.0,2.61400532722473,1.18529546260834,1.44045114517212,0.494519203901291,0.109457060694695,6.59899997711182,0.695137083530426,0.0597398877143859,2017
Mexico,Latin America and Caribbean,25.0,2.8371548652648904,1.15318381786346,1.210862159729,0.412730008363724,0.1209904327988619,6.57800006866455,0.709978997707367,0.132774114608765,2017
Singapore,Southeastern Asia,26.0,1.21636199951172,1.69227766990662,1.35381436347961,0.549840569496155,0.345965981483459,6.57200002670288,0.9494923949241642,0.4643077850341799,2017
Malta,Western Europe,27.0,1.55686283111572,1.34327983856201,1.48841166496277,0.588767051696777,0.5747305750846861,6.52699995040894,0.821944236755371,0.153066068887711,2017
Uruguay,Latin America and Caribbean,28.0,2.17240953445435,1.21755969524384,1.41222786903381,0.5793922543525699,0.175096929073334,6.4539999961853,0.719216823577881,0.178061872720718,2017
Guatemala,Latin America and Caribbean,29.0,2.89389109611511,0.872001945972443,1.25558519363403,0.5313106179237371,0.283488392829895,6.4539999961853,0.540239989757538,0.077223278582096,2017
Panama,Latin America and Caribbean,30.0,2.30719995498657,1.23374843597412,1.3731925487518302,0.550026834011078,0.21055693924427,6.4520001411438,0.706156134605408,0.070983923971653,2017
France,Western Europe,31.0,2.00595474243164,1.43092346191406,1.38777685165405,0.470222115516663,0.129762306809425,6.44199991226196,0.8444658517837521,0.172502428293228,2017
Thailand,Southeastern Asia,32.0,2.03950834274292,1.12786877155304,1.4257924556732198,0.580200731754303,0.572123110294342,6.423999786376951,0.647239029407501,0.031612735241652,2017
Taiwan,Eastern Asia,33.0,2.1266074180603,1.4336265325546298,1.38456535339355,0.361466586589813,0.258360475301743,6.42199993133545,0.793984234333038,0.063829235732555,2017
Spain,Western Europe,34.0,1.92775774002075,1.38439786434174,1.53209090232849,0.408781230449677,0.190133571624756,6.40299987792969,0.888960599899292,0.070914097130299,2017
Qatar,Middle East and Northern Africa,35.0,1.1454644203186002,1.87076568603516,1.27429687976837,0.604130983352661,0.330473870038986,6.375,0.7100980877876278,0.439299255609512,2017
Colombia,Latin America and Caribbean,36.0,2.6160681247711204,1.07062232494354,1.4021829366683998,0.4774874150753019,0.1490144729614259,6.35699987411499,0.595027923583984,0.046668741852045,2017
Saudi Arabia,Middle East and Northern Africa,37.0,2.0654296875,1.53062355518341,1.28667759895325,0.449750572443008,0.147616013884544,6.343999862670901,0.590148329734802,0.27343225479126,2017
Trinidad and Tobago,Latin America and Caribbean,38.0,2.0532474517822297,1.36135590076447,1.3802285194397,0.518630743026733,0.3252964615821839,6.1680002212524405,0.5199832916259771,0.008964816108346,2017
Kuwait,Middle East and Northern Africa,39.0,1.64042520523071,1.63295245170593,1.25969874858856,0.4963375926017759,0.228289797902107,6.10500001907349,0.6321057081222529,0.215159550309181,2017
Slovakia,Central and Eastern Europe,40.0,2.09777665138245,1.32539355754852,1.5050592422485398,0.295817464590073,0.136544480919838,6.09800004959106,0.712732911109924,0.024210851639509,2017
Bahrain,Middle East and Northern Africa,41.0,1.65614938735962,1.48841226100922,1.3231104612350502,0.536746919155121,0.1726684868335719,6.08699989318848,0.653133034706116,0.257042169570923,2017
Malaysia,Southeastern Asia,42.0,2.00444889068604,1.29121541976929,1.28464603424072,0.4022649824619289,0.416608929634094,6.08400011062622,0.618784427642822,0.065600708127022,2017
Nicaragua,Latin America and Caribbean,43.0,2.51393055915833,0.737299203872681,1.28721570968628,0.447551846504211,0.301674216985703,6.07100009918213,0.6530959606170649,0.130687981843948,2017
Ecuador,Latin America and Caribbean,44.0,2.29035258293152,1.00082039833069,1.28616881370544,0.4551981985569,0.150112465023994,6.00799989700317,0.685636222362518,0.140134647488594,2017
El Salvador,Latin America and Caribbean,45.0,2.7145938873291,0.909784495830536,1.1821250915527302,0.432452529668808,0.0782579854130749,6.002999782562259,0.596018552780151,0.089980959892273,2017
Poland,Central and Eastern Europe,46.0,1.7977228164672898,1.29178786277771,1.44571197032928,0.520342111587524,0.158465966582298,5.97300004959106,0.699475347995758,0.059307806193829,2017
Uzbekistan,Central and Eastern Europe,47.0,1.81691360473633,0.786441087722778,1.54896914958954,0.6582486629486078,0.4159836471080779,5.97100019454956,0.498272627592087,0.246528223156929,2017
Italy,Western Europe,48.0,1.81331205368042,1.39506661891937,1.44492328166962,0.256450712680817,0.1727896481752399,5.96400022506714,0.8531443476676941,0.0280280914157629,2017
Russia,Central and Eastern Europe,49.0,2.20560741424561,1.28177809715271,1.46928238868713,0.373783111572266,0.05226382240653,5.962999820709231,0.547349333763123,0.032962881028652,2017
Belize,Latin America and Caribbean,50.0,2.63195562362671,0.907975316047668,1.08141779899597,0.5475093722343439,0.240015640854836,5.955999851226809,0.450191766023636,0.096581071615219,2017
Japan,Eastern Asia,51.0,1.36322355270386,1.41691517829895,1.43633782863617,0.505625545978546,0.1205727681517599,5.92000007629395,0.9134758710861208,0.163760736584663,2017
Lithuania,Central and Eastern Europe,52.0,2.22844052314758,1.3145823478698702,1.47351610660553,0.234231784939766,0.010164656676352,5.90199995040894,0.62894994020462,0.011865642853081,2017
Algeria,Middle East and Northern Africa,53.0,2.5676038265228303,1.09186446666718,1.1462174654007,0.233335807919502,0.069436646997929,5.872000217437741,0.6175846457481379,0.146096110343933,2017
Latvia,Central and Eastern Europe,54.0,1.9936552047729497,1.26074862480164,1.40471494197845,0.3257079124450679,0.153074786067009,5.849999904632571,0.638566970825195,0.073842726647854,2017
South Korea,Eastern Asia,55.0,1.8803780078887904,1.40167844295502,1.1282744407653795,0.257921665906906,0.206674367189407,5.837999820709231,0.900214076042175,0.063282668590546,2017
Moldova,Central and Eastern Europe,56.0,2.80780839920044,0.7288706302642819,1.25182557106018,0.2407290488481519,0.208779126405716,5.837999820709231,0.5894652009010309,0.010091286152601,2017
Romania,Central and Eastern Europe,57.0,2.17683148384094,1.21768391132355,1.15009129047394,0.457003742456436,0.133519917726517,5.824999809265139,0.6851583123207089,0.00438790069893,2017
Bolivia,Latin America and Caribbean,58.0,2.44327902793884,0.833756566047668,1.22761905193329,0.5587329268455511,0.22556072473526,5.82299995422363,0.473630249500275,0.06047772616148,2017
Turkmenistan,Central and Eastern Europe,59.0,1.83290982246399,1.1307767629623402,1.49314916133881,0.41827192902565,0.2499249875545499,5.82200002670288,0.437726080417633,0.2592703402042389,2017
Kazakhstan,Central and Eastern Europe,60.0,1.78489255905151,1.2845562696456898,1.38436901569366,0.437454283237457,0.2019644230604169,5.8189997673034695,0.6060415506362921,0.119282886385918,2017
North Cyprus,Western Europe,61.0,1.54915761947632,1.3469113111496,1.18630337715149,0.4712036252021789,0.266845703125,5.80999994277954,0.834647238254547,0.155353352427483,2017
Slovenia,Central and Eastern Europe,62.0,1.31331729888916,1.3412059545517,1.4525188207626298,0.572575807571411,0.242649093270302,5.75799989700317,0.7908282279968258,0.045128978788853,2017
Peru,Latin America and Caribbean,63.0,2.20726943016052,1.03522527217865,1.21877038478851,0.4500028789043429,0.126819714903831,5.71500015258789,0.6301661133766171,0.047049086540937,2017
Mauritius,Sub-Saharan Africa,64.0,1.6975839138031,1.18939554691315,1.20956099033356,0.491247326135635,0.360933750867844,5.62900018692017,0.6380074620246889,0.042181555181742,2017
Cyprus,Western Europe,65.0,1.62124919891357,1.35593807697296,1.13136327266693,0.355111539363861,0.271254301071167,5.62099981307983,0.84471470117569,0.041237976402044,2017
Estonia,Central and Eastern Europe,66.0,1.35750865936279,1.3208793401718102,1.47667109966278,0.479131430387497,0.09889081120491,5.61100006103516,0.695168316364288,0.183248922228813,2017
Belarus,Central and Eastern Europe,67.0,1.72323298454285,1.15655755996704,1.4449452161788898,0.295400261878967,0.15513750910759,5.5689997673034695,0.6377142667770389,0.156313821673393,2017
Libya,Middle East and Northern Africa,68.0,1.8350112438201895,1.10180306434631,1.35756433010101,0.465733230113983,0.1520736664533619,5.525000095367429,0.520169019699097,0.092610210180283,2017
Turkey,Middle East and Northern Africa,69.0,1.87927794456482,1.1982743740081798,1.33775317668915,0.300740599632263,0.046693041920662,5.5,0.6376056075096129,0.099671579897404,2017
Paraguay,Latin America and Caribbean,70.0,1.6853334903717,0.932537317276001,1.50728487968445,0.473507791757584,0.224150657653809,5.493000030517581,0.579250693321228,0.091065913438797,2017
Hong Kong,Eastern Asia,71.0,0.554633140563965,1.55167484283447,1.26279091835022,0.490968644618988,0.374465793371201,5.47200012207031,0.943062424659729,0.2939337491989139,2017
Philippines,Southeastern Asia,72.0,1.9726047515869096,0.85769921541214,1.25391757488251,0.585214674472809,0.193513423204422,5.42999982833862,0.468009054660797,0.099331893026829,2017
Serbia,Central and Eastern Europe,73.0,1.94708442687988,1.06931757926941,1.2581897974014298,0.208715528249741,0.2201258838176729,5.39499998092651,0.65078467130661,0.0409037806093689,2017
Jordan,Middle East and Northern Africa,74.0,1.79117655754089,0.9910123944282528,1.23908889293671,0.418421149253845,0.1721704602241519,5.33599996566772,0.6045900583267211,0.11980327218771,2017
Hungary,Central and Eastern Europe,75.0,1.7164592742919902,1.2860119342803995,1.34313309192657,0.1758635193109509,0.078401662409306,5.32399988174438,0.6877634525299069,0.036636937409639,2017
Jamaica,Latin America and Caribbean,76.0,1.61232566833496,0.925579309463501,1.3682180643081698,0.474307239055634,0.233818337321281,5.31099987030029,0.6410223841667181,0.055267781019211,2017
Croatia,Central and Eastern Europe,77.0,1.85449242591858,1.22255623340607,0.96798300743103,0.255772292613983,0.248002976179123,5.2930002212524405,0.701288521289825,0.043103110045195,2017
Kosovo,Central and Eastern Europe,78.0,2.01054072380066,0.951484382152557,1.13785350322723,0.260287940502167,0.319931447505951,5.27899980545044,0.541452050209045,0.057471618056297,2017
China,Eastern Asia,79.0,1.76493859291077,1.08116579055786,1.16083741188049,0.4727877080440519,0.028806841000915,5.2729997634887695,0.741415500640869,0.022794274613261,2017
Pakistan,Southern Asia,80.0,2.7924892902374303,0.7268835306167599,0.6726906895637509,0.23521526157856,0.315446019172668,5.26900005340576,0.4020477831363679,0.124348066747189,2017
Indonesia,Southeastern Asia,81.0,1.42947697639465,0.995538592338562,1.27444469928741,0.443323463201523,0.611704587936401,5.26200008392334,0.492345720529556,0.0153171354904769,2017
Venezuela,Latin America and Caribbean,82.0,1.78946375846863,1.12843120098114,1.43133759498596,0.1539971232414249,0.065019629895687,5.25,0.617144227027893,0.064491122961044,2017
Montenegro,Central and Eastern Europe,83.0,1.72919154167175,1.12112903594971,1.23837649822235,0.194989055395126,0.197911024093628,5.23699998855591,0.6674646735191351,0.0881741940975189,2017
Morocco,Middle East and Northern Africa,84.0,2.45618939399719,0.8781145811080929,0.774864435195923,0.408158332109451,0.03220995515585,5.2350001335144,0.59771066904068,0.0877631828188899,2017
Azerbaijan,Central and Eastern Europe,85.0,1.7624816894531203,1.1536017656326298,1.15240025520325,0.398155838251114,0.0452693402767179,5.234000205993651,0.5407757759094239,0.180987507104874,2017
Dominican Republic,Latin America and Caribbean,86.0,1.3194651603698702,1.07937383651733,1.4024167060852095,0.55258983373642,0.186967849731445,5.230000019073491,0.574873745441437,0.113945253193378,2017
Greece,Western Europe,87.0,1.74922156333923,1.28948748111725,1.23941457271576,0.095731250941753,0.24723041702275197,5.227000236511231,0.8101989030838009,0.04328977689147,2017
Lebanon,Middle East and Northern Africa,88.0,1.69507384300232,1.07498753070831,1.12962424755096,0.2885159850120539,0.264450758695602,5.22499990463257,0.7350810766220089,0.037513829767704,2017
Portugal,Western Europe,89.0,1.10768270492554,1.3151752948761002,1.36704301834106,0.498465299606323,0.095102712512016,5.19500017166138,0.795843541622162,0.01586945168674,2017
Bosnia and Herzegovina,Central and Eastern Europe,90.0,1.89217257499695,0.982409417629242,1.0693359375,0.204403176903725,0.328867495059967,5.18200016021729,0.705186307430267,0.12004797136723415,2017
Honduras,Latin America and Caribbean,91.0,2.0658111572265603,0.730573117733002,1.14394497871399,0.348079860210419,0.236188873648643,5.1810002326965305,0.582569479942322,0.073345452547073,2017
Macedonia,Central and Eastern Europe,92.0,1.6174693107605,1.06457793712616,1.20789301395416,0.325905978679657,0.25376096367836,5.175000190734861,0.644948184490204,0.060277793556452,2017
Somalia,Sub-Saharan Africa,93.0,3.11748456954956,0.022643184289336,0.7211513519287109,0.602126955986023,0.291631311178207,5.151000022888179,0.113989137113094,0.282410323619843,2017
Vietnam,Southeastern Asia,94.0,1.46231865882874,0.7885475754737851,1.27749133110046,0.571055591106415,0.2349680513143539,5.07399988174438,0.6521689891815191,0.087633237242699,2017
Nigeria,Sub-Saharan Africa,95.0,2.36539053916931,0.783756256103516,1.21577048301697,0.394952565431595,0.2309471964836119,5.07399988174438,0.056915730237961,0.026121566072106,2017
Tajikistan,Central and Eastern Europe,96.0,1.8490493297576895,0.524713635444641,1.27146327495575,0.4715667068958279,0.248997643589973,5.04099988937378,0.5292351245880129,0.146377146244049,2017
Bhutan,Southern Asia,97.0,1.14018440246582,0.885416388511658,1.3401265144348102,0.5015376806259161,0.474054545164108,5.01100015640259,0.495879292488098,0.173380389809608,2017
Kyrgyzstan,Central and Eastern Europe,98.0,1.53672313690186,0.5962200760841371,1.39423859119415,0.454943388700485,0.42858037352562,5.0040001869201705,0.553457796573639,0.039439179003239,2017
Nepal,Southern Asia,99.0,1.8912410736084,0.479820191860199,1.17928326129913,0.440305948257446,0.394096165895462,4.961999893188481,0.504130780696869,0.072975546121597,2017
Mongolia,Eastern Asia,100.0,1.11129236221313,1.02723586559296,1.4930112361908,0.394143968820572,0.338464230298996,4.95499992370605,0.557783484458923,0.032902289181948,2017
South Africa,Sub-Saharan Africa,101.0,1.51090860366821,1.05469870567322,1.38478863239288,0.479246735572815,0.1393623799085619,4.8289999961853,0.187080070376396,0.072509497404099,2017
Tunisia,Middle East and Northern Africa,102.0,1.8902511596679696,1.00726580619812,0.8683514595031742,0.289680689573288,0.049693357199431,4.80499982833862,0.613212049007416,0.086723148822784,2017
Palestinian Territories,Middle East and Northern Africa,103.0,1.8788902759552,0.716249227523804,1.15564715862274,0.25471106171608,0.114173173904419,4.77500009536743,0.565666973590851,0.0892826020717619,2017
Egypt,Middle East and Northern Africa,104.0,1.70216107368469,0.989701807498932,0.997471392154694,0.2821101546287539,0.128631442785263,4.7350001335144,0.520187258720398,0.114381365478039,2017
Bulgaria,Central and Eastern Europe,105.0,0.996139287948608,1.1614590883255,1.43437945842743,0.2892317175865169,0.113177694380283,4.71400022506714,0.708217680454254,0.011051530949771,2017
Sierra Leone,Sub-Saharan Africa,106.0,2.66845989227295,0.36842092871666,0.984136044979095,0.318697690963745,0.293040901422501,4.70900011062622,0.005564753897488,0.0710951760411259,2017
Cameroon,Sub-Saharan Africa,107.0,2.3336455821991,0.564305365085602,0.946018218994141,0.430388748645782,0.236298456788063,4.69500017166138,0.132892116904259,0.051306631416082,2017
Iran,Middle East and Northern Africa,108.0,1.49873495101929,1.15687310695648,0.7115512490272521,0.2493226081132889,0.387242913246155,4.69199991226196,0.639333188533783,0.048761073499918,2017
Albania,Central and Eastern Europe,109.0,1.49044156074524,0.996192753314972,0.8036852478981021,0.381498634815216,0.201312944293022,4.64400005340576,0.731159746646881,0.039864215999842,2017
Bangladesh,Southern Asia,110.0,1.9787361621856696,0.586682975292206,0.735131740570068,0.478356659412384,0.172255352139473,4.60799980163574,0.533241033554077,0.123717859387398,2017
Namibia,Sub-Saharan Africa,111.0,1.4818902015686002,0.964434325695038,1.0984708070755,0.520303547382355,0.077133744955063,4.57399988174438,0.33861181139946,0.0931469723582269,2017
Kenya,Sub-Saharan Africa,112.0,1.6519021987915,0.560479462146759,1.06795072555542,0.4527637660503389,0.444860309362411,4.55299997329712,0.309988349676132,0.0646413192152979,2017
Mozambique,Sub-Saharan Africa,113.0,2.3556509017944305,0.2343056499958039,0.870701014995575,0.480791091918945,0.322228103876114,4.550000190734861,0.1066544353961939,0.179436385631561,2017
Myanmar,Southeastern Asia,114.0,1.11529040336609,0.3671105504035949,1.12323594093323,0.514492034912109,0.8380751609802249,4.54500007629395,0.397522568702698,0.188816204667091,2017
Senegal,Sub-Saharan Africa,115.0,1.78964614868164,0.479309022426605,1.17969191074371,0.3779222667217249,0.183468893170357,4.53499984741211,0.409362852573395,0.1154604479670519,2017
Zambia,Sub-Saharan Africa,116.0,1.82670545578003,0.6364067792892459,1.00318729877472,0.461603492498398,0.249580144882202,4.513999938964839,0.2578358948230739,0.078213550150394,2017
Iraq,Middle East and Northern Africa,117.0,1.31890726089478,1.1027104854583702,0.978613197803497,0.288555532693863,0.19963726401329,4.49700021743774,0.501180469989777,0.1072157546877859,2017
Gabon,Sub-Saharan Africa,118.0,1.3229162693023702,1.1982102394104,1.1556202173233,0.312328577041626,0.0437853783369059,4.46500015258789,0.3565785884857179,0.076046787202358,2017
Ethiopia,Sub-Saharan Africa,119.0,2.01574373245239,0.339233845472336,0.8646692037582401,0.408842742443085,0.3126507401466369,4.46000003814697,0.3534097075462339,0.1654557138681409,2017
Sri Lanka,Southern Asia,120.0,0.419389247894287,1.00985014438629,1.25997638702393,0.561213254928589,0.4908635616302489,4.44000005722046,0.625130832195282,0.073653966188431,2017
Armenia,Central and Eastern Europe,121.0,1.5214991569519,0.900596737861633,1.00748372077942,0.198303267359734,0.083488091826439,4.37599992752075,0.637524425983429,0.0266744215041399,2017
India,Southern Asia,122.0,1.5191171169281,0.7922212481498722,0.754372596740723,0.469987004995346,0.231538489460945,4.31500005722046,0.455427616834641,0.092226885259152,2017
Mauritania,Sub-Saharan Africa,123.0,1.65163731575012,0.6484572887420649,1.2720308303833,0.0960980430245399,0.201870024204254,4.29199981689453,0.285349279642105,0.136957004666328,2017
Congo (Brazzaville),Sub-Saharan Africa,124.0,1.72413563728333,0.8089642524719242,0.8320443630218509,0.4350258708000179,0.1208521276712419,4.29099988937378,0.28995743393898,0.079618133604527,2017
Georgia,Central and Eastern Europe,125.0,1.50013780593872,0.950612664222717,0.57061493396759,0.309410035610199,0.0540088154375549,4.28599977493286,0.649546980857849,0.251666635274887,2017
Congo (Kinshasa),Sub-Saharan Africa,126.0,2.22495865821838,0.092102348804474,1.22902345657349,0.235961347818375,0.246455833315849,4.280000209808351,0.191407024860382,0.060241356492043,2017
Mali,Sub-Saharan Africa,127.0,1.66819095611572,0.476180493831635,1.2814733982086202,0.306613743305206,0.183354198932648,4.19000005722046,0.169365674257278,0.1049702465534209,2017
Ivory Coast,Sub-Saharan Africa,128.0,1.84496426582336,0.6030489206314089,0.904780030250549,0.4477061927318571,0.201237469911575,4.17999982833862,0.048642169684172,0.130061775445938,2017
Cambodia,Southeastern Asia,129.0,1.04294109344482,0.6017650961875921,1.00623834133148,0.633375823497772,0.385922968387604,4.1680002212524405,0.429783403873444,0.068105950951576,2017
Sudan,Sub-Saharan Africa,130.0,1.6870658397674598,0.6595166921615601,1.21400856971741,0.0149958552792669,0.182317450642586,4.138999938964839,0.290920823812485,0.089847519993782,2017
Ghana,Sub-Saharan Africa,131.0,1.57786750793457,0.667224824428558,0.873664736747742,0.423026293516159,0.256923943758011,4.11999988555908,0.295637726783752,0.025336369872093,2017
Ukraine,Central and Eastern Europe,132.0,0.8143823146820072,0.89465194940567,1.39453756809235,0.122974775731564,0.270061463117599,4.09600019454956,0.575903952121735,0.023029470816255,2017
Uganda,Sub-Saharan Africa,133.0,1.526362657547,0.381430715322495,1.12982773780823,0.443185955286026,0.325766056776047,4.08099985122681,0.217632606625557,0.057069718837738,2017
Burkina Faso,Sub-Saharan Africa,134.0,1.72721290588379,0.3502277135849,1.04328000545502,0.324367851018906,0.250864684581757,4.03200006484985,0.2158442586660389,0.120328105986118,2017
Niger,Sub-Saharan Africa,135.0,1.87398338317871,0.1619253307580949,0.993025004863739,0.36365869641304,0.228673845529556,4.02799987792969,0.26850500702858,0.138572946190834,2017
Malawi,Sub-Saharan Africa,136.0,2.08178615570068,0.233442038297653,0.5125688314437871,0.466914653778076,0.287170469760895,3.97000002861023,0.315089583396912,0.072711654007435,2017
Chad,Sub-Saharan Africa,137.0,2.07123804092407,0.4380129873752589,0.953855872154236,0.16234202682972,0.216113850474358,3.9360001087188703,0.041134715080261,0.05358188226819,2017
Zimbabwe,Sub-Saharan Africa,138.0,1.59797024726868,0.375846534967422,1.08309590816498,0.336384207010269,0.189143493771553,3.875,0.196763753890991,0.0953753814101219,2017
Lesotho,Sub-Saharan Africa,139.0,1.42983531951904,0.521021246910095,1.19009518623352,0.390661299228668,0.157497271895409,3.80800008773804,0.5446532361670292,0.119094640016556,2017
Angola,Sub-Saharan Africa,140.0,1.61448240280151,0.8584281802177429,1.10441195964813,0.4084556657299095,0.0979264900088309,3.79500007629395,0.049868665635586,0.069720335304737,2017
Afghanistan,Southern Asia,141.0,2.15080118179321,0.401477217674255,0.581543326377869,0.106179520487785,0.311870932579041,3.79399991035461,0.1807467788457869,0.061157830059528,2017
Botswana,Sub-Saharan Africa,142.0,0.3779137134552,1.12209415435791,1.22155499458313,0.505196332931519,0.099348448216915,3.7660000324249294,0.341755509376526,0.0985831990838049,2017
Benin,Sub-Saharan Africa,143.0,1.88563096523285,0.431085407733917,0.4352998435497279,0.4259627759456629,0.207948461174965,3.65700006484985,0.209930211305618,0.0609290152788159,2017
Madagascar,Sub-Saharan Africa,144.0,1.58461260795593,0.305808693170547,0.9130203723907472,0.189196765422821,0.208732530474663,3.64400005340576,0.375223308801651,0.067231975495815,2017
Haiti,Latin America and Caribbean,145.0,1.69716763496399,0.368610262870789,0.640449821949005,0.03036985732615,0.4892037808895109,3.6029999256134,0.277321130037308,0.099872149527073,2017
Yemen,Middle East and Northern Africa,146.0,1.34560060501099,0.5916834473609921,0.93538224697113,0.249463722109795,0.104125209152699,3.59299993515015,0.310080915689468,0.056767422705889,2017
South Sudan,Sub-Saharan Africa,147.0,1.8795673847198504,0.39724862575531,0.601323127746582,0.147062435746193,0.285670816898346,3.5910000801086404,0.163486003875732,0.116793513298035,2017
Liberia,Sub-Saharan Africa,148.0,1.6732859611511202,0.1190417930483819,0.8721179366111759,0.3328811824321749,0.26654988527298,3.532999992370609,0.229918196797371,0.038948249071837,2017
Guinea,Sub-Saharan Africa,149.0,1.55231189727783,0.244549930095673,0.7912446856498722,0.348587512969971,0.264815092086792,3.50699996948242,0.194129139184952,0.110937617719173,2017
Togo,Sub-Saharan Africa,150.0,1.8372292518615705,0.3054447174072269,0.4318825304508211,0.38042613863945,0.1968961507081989,3.4949998855590803,0.247105568647385,0.095665015280247,2017
Rwanda,Sub-Saharan Africa,151.0,0.540061235427856,0.368745893239975,0.945707023143768,0.5818438529968261,0.2527560293674469,3.47099995613098,0.326424807310104,0.455220013856888,2017
Syria,Middle East and Northern Africa,152.0,1.06157350540161,0.777153134346008,0.396102607250214,0.0815394446253779,0.493663728237152,3.46199989318848,0.5005333423614501,0.151347130537033,2017
Tanzania,Sub-Saharan Africa,153.0,0.621130466461182,0.511135876178741,1.04198980331421,0.390017777681351,0.354256361722946,3.34899997711182,0.364509284496307,0.0660351067781449,2017
Burundi,Sub-Saharan Africa,154.0,1.68302416801453,0.091622568666935,0.629793584346771,0.059900753200054,0.2044351845979689,2.90499997138977,0.151610791683197,0.0841479450464249,2017
Central African Republic,Sub-Saharan Africa,155.0,2.06600475311279,0.9723735989884672,1.1884205542459076,0.270842045545578,0.280876487493515,2.69300007820129,0.018772685900331,0.056565076112747,2017
Laos,Southeastern Asia,156.0,1.5149226983388264,0.8393938144048056,1.2365073760350533,0.5948773821194967,0.39767137666543334,2.440588762396734,0.5763971408208214,0.062450641145308995,2017.
Comoros,Sub-Saharan Africa,157.0,1.8236723740895566,0.4118358890215557,1.1280538638432842,0.32186712821324664,0.22891132533550265,2.431290400309025,0.21880347530047065,0.06351599097251896,2017.
Swaziland,Sub-Saharan Africa,158.0,1.8236723740895566,0.4118358890215557,1.1280538638432842,0.32186712821324664,0.22891132533550265,2.413657455091316,0.21880347530047065,0.06351599097251896,2017.
Djibouti,Sub-Saharan Africa,159.0,1.8236723740895566,0.4118358890215557,1.1280538638432842,0.32186712821324664,0.22891132533550265,2.3343059414180205,0.21880347530047065,0.06351599097251896,2017.
Oman,Middle East and Northern Africa,160.0,1.8820309638977066,1.0413129925727838,1.007741153240204,0.3015916446844739,0.27381692578395234,2.323225664496827,0.5959393680095669,0.0635901987552643,2017.
Puerto Rico,Latin America and Caribbean,161.0,2.386385361353556,1.16876248518626,1.3384675184885666,0.516255090634028,0.22224313517411529,2.1198823852689666,0.636552890141805,0.052040164048473,2017/
Suriname,Latin America and Caribbean,162.0,2.386385361353556,1.16876248518626,1.3384675184885666,0.516255090634028,0.22224313517411529,1.7841553471274412,0.636552890141805,0.052040164048473,2017.
Somaliland Region,Sub-Saharan Africa,163.0,1.8236723740895566,0.4118358890215557,1.1280538638432842,0.32186712821324664,0.22891132533550265,1.442064570988819,0.21880347530047065,0.06351599097251896,2017.
